,Nama produk,Gambar produk,Kode barcode,Gambar barcode,Info nutrisi per sajian (g),,,,,Kalori,Bahan-bahan,Alergen
No,,,,,Lemak,Karbohidrat,Protein,Gula,Garam,,,
1,Mi Goreng - Indomie - 80g,product1.jpg,0089686120714(EAN / EAN-13),barcode1.jpg,16.96,48.96,7.00,8.00,2.12,408.48,"Tepung terigu, minyak nabati (sawit), garam, pengatur keasaman (kalium karbonat, natrium karbonat, natrium polifosfat), pengental (guar gum), pewarna (riboflavin), antioksidan (TBHQ). Bumbu bubuk: gula pasir, garam, monosodium, glutamat, bubuk bawang putih, bubuk perisa daging sapi tiruan, bubuk bawang merah, ekstrak ragi, karamel. Minyak Bumbu: minyak sayur (sawit), bawang merah, bubuk cabai. kecap manis. Berisi: Gandum (Gluten), kedelai.","Gluten, Kedelai"
2,Crunchy Oat Granola Tropical Fruits - jordans - 750g,product2.jpg,5010477346032(EAN / EAN-13),barcode2.jpg,14.70,62.90,8.30,22.20,0.05,505.9,"Serpihan OAT Gandum Utuh Inggris (69%), Buah Tropis Kering (15%) (Pepaya Kering (Pepaya, Gula Tebu), Keripik Kelapa, Potongan Nanas Kering (Nanas, Gula Tebu, Jus Nanas, Pengatur Keasaman (Asam Sitrat)), Kering Keripik Pisang (Pisang, Minyak Kelapa, Gula, Perisa Alami)), Gula, Minyak Nabati (Minyak Rapeseed, Minyak Sawit), Madu (1%), Biji Bunga Matahari, Alami penyedap rasa. Produk ini mengandung minyak sawit berkelanjutan bersertifikat. Kelompok oat & madu gandum utuh panggang dengan pepaya kering, serpihan kelapa, potongan nanas kering & keripik pisang kering. Saran Alergi Untuk alergen, termasuk sereal yang mengandung gluten, lihat bahan-bahan di BOLD. Mungkin juga mengandung Gandum (Gluten), Barley (Gluten), Rye (Gluten), Kacang-kacangan.","Pisang, Gluten, Kacang-kacangan"
3,Oat Milk - Oatside - 1 litre,product3.jpg,8997240600041(EAN / EAN-13),barcode3.jpg,6.40,16.20,1.20,1.60,0.20,133.6,"air, bahan dasar oat (10%), Minyak Canola, Pengatur Keasaman (Dipotassium Phosphate), Kalsium Karbonat, Garam Laut","Gluten, Kedelai"
4,Teh Pucuk Melati - 350 ml,product4.jpg,8996001600146(EAN / EAN-13),barcode4.jpg,0.00,18.00,0.00,18.00,0.02,144,"Air, Gula, Teh Melati (Daun Teh+Bunga Mela) (0.5%), Perisa Bunga Melati Sintetis, Penstabil. TANPA PENGAWET",-
5,Pringles Sour Cream & Onion - 107 g,product5.jpg,"8886467100024(EAN / EAN-13)
",barcode5.jpg,6.83,15.4,1.4,0.575,0.564,130.97,"Kentang kering (45%), minyak sawit olein, tepung jagung, tepung terigu, krim asam dan bumbu bawang bombay [garam, whey mengandung susu), penguat rasa (monosodium L-glutamat, disodium 5-imosinate, disodium 5'-guanylate), dekstrosa, bubuk bawang merah (0.4%), maltodekstrin, gula, perisa alami (mengandung susu), susu bubuk, krim asam bubuk (mengandung susu) (0.18%), pengatur keasaman (asam sitrat, asam laktat, asam malat), susu hasil budidaya (mengandung susu), ekstrak ragi, zat anti penggumpalan (silikon dioksida), penstabil (trikalsium fosfat)], pengemulsi nabati, maltodekstrin, dan pengatur keasaman asam sitrat.","Gluten, Susu, Kedelai"
6,Pringles Original 107gr - Pringles Salt & Seaweed - 107g,product6.jpg,"8886467100017(EAN / EAN-13)
",barcode6.jpg,7,15,1,0,0.125,127,"Kentang kering (46%), olein minyak sawit, pati jagung, pati gandum, pengemulsi nabati, maltodekstrin, garam (0,9%), pengatur keasaman asam sitrat.","Gluten, Kedelai"
7,POCARI SWEAT 500 ml,product7.jpg,8997035563414(EAN / EAN-13),barcode7.jpg,0,15.5,0,14.5,0.308,120,"Air, gula, pengatur keasaman, natrium klorida, kalium klorida, kalsium laktat, magnesium karbonat, perasa sintetis, jus jeruk, dan asam askorbat antioksidan. Tanpa bahan pengawet atau pemanis buatan. Minuman rasa jeruk",-
8,"Carman's Super Berry Muesli Bars (Cranberry, Blueberry & Goji) - 270g",product8.jpg,9319133333574(EAN / EAN-13),barcode8.jpg,9.31,22.9,4.46,7.33,0.029,222.55,"Campuran Muesli Carman 80% (Gandum Utuh Oat 46%, Biji-bijian 16% [Pepitas, Biji Wijen, Biji Bunga Matahari], Buah 14% [Berry (Cranberry 4.3%, Goji Berries 2.9%, Blueberry 1.4%), Kismis, Kelapa 2.7% ], Minyak Bunga Matahari, Kacang 6% [Almond, Pecan], Emas Sirup, Tepung Oat, Kayu Manis), Glukosa, Rasa Vanila Alami.","Gluten, Kacang-kacangan, Biji Wijen, Lupin, Susu, Kacang Tanah, Kedelai"
9,Indomie Noodles Chicken - 70 g,product9.jpg,8994963002824(EAN / EAN-13),barcode9.jpg,12.2,44.9,7.7,2.8,3.22,331.4,"Mie 94% [Tepung GANDUM, minyak sawit olahan (minyak sawit olahan, antioksidan E319), garam, pengatur keasaman (E452, E501, E500), pengental: E412, warna: E101] Bumbu Bubuk 5,6% [Garam, penambah rasa (E621, E631, E627), gula, penyedap rasa (mengandung kedelai, seledri), putih merica, bawang putih, bahan anticaking: E551, jahe], Bubuk Cabai 0,4%.","Seledri, Gluten, Kedelai"
10,Mi Sedaap - Mi Goreng,product10.jpg,8998866200301(EAN / EAN-13),barcode10.jpg,17,57,9,6,1.17,441,"Tepung terigu, air, minyak sayur (mengandung antioksidan TBHQ), pengemulsi pati asetat (mengandung bahan pengawet), garam, pengental nabati, penstabil fosfat, pengatur keasaman, pengemulsi lesitin kedelai, pewarna sintetik Tartrazine Cl No. 19140, gula pasir, penguat rasa (monosodium glutamat), perisa sintetik, bubuk bawang merah, hidrolisat protein nabati, bubuk merica, pewarna karamel alami kelas IV, penambah rasa, minyak sayur, pengaktif silikon dioksida, ekstrak ragi, dinatrium suksinat, vitamin B3, kedelai fermentasi, cabai, bawang putih, cuka, pengatur keasaman, bawang goreng (5,56%)","Tepung terigu, protein nabati hidrosilikat, kedelai, susu, udang, telur"
11,Pocky Chocolate - 70g,product11.jpg,8851019210117(EAN / EAN-13),barcode11.jpg,4,15,2,7,0.035,132,"Tepung yang Diperkaya (Tepung Terigu, Ferrous Fumarate, Niacinamide, Thiamin Mononitrate, Riboflavin, Asam Folat), Gula, Minuman Keras Coklat, Minyak Nabati (Minyak Sawit, Minyak Bunga Matahari), Susu Bubuk Utuh, Shortening (Minyak Sawit, Minyak Sawit Terhidrogenasi Penuh), Mengandung 1 Persen Atau Kurang Dari: Mentega Kakao, Garam, Perasa Buatan, Ragi Roti, Lesitin Kedelai, Mono-Dan Di-Gilserida, Natrium Bikarbonat.","Susu, Kedelai, dan Gandum"
12,teh kotak - 300ml,product12.jpg,8998009040023(EAN / EAN-13),barcode12.jpg,0,26,0,26,0.038,208,"Air, Gula, Daun Teh Melati, Vitamin C",-
13,Roma Kelapa biskuit - 300g,product13.jpg,"8996001301142(EAN / EAN-13)
",barcode13.jpg,4.5,16,2,5,0.08,132.5,"Tepung terigu, gula pasir, minyak sayur (mengandung antioksidan BHA), tapioka, bubuk whey, tepung kelapa, kalsium karbonat, garam, pengemulsi lesitin kedelai, developer, pengatur keasaman, perisa kelapa, vitamin premix (B1, B2, B6, B12) dan vitamin E.","Gandum, Kedelai"
14,Ultra Milk 1 liter,product14.jpg,"8998009010613(EAN / EAN-13)
",barcode14.jpg,8,12,8,10,0.055,192,"Susu murni (100%), Susu bubuk skim, Penstabil Nabati, Garam, Tanpa Pengawet",Susu
15,Beng Beng - 20g,product15.jpg,8996001354124(EAN / EAN-13),barcode15.jpg,5,13,1,7,0.040,129,"Kakao, Gula, Tepung Terigu, Lemak Nabati (mengandung Antioksidan BHA), Sereal, Susu Bubuk, Maltodekstrin Massa Kakao, Mentega Kakao, Pemanis Alami Lemak Susu Sorbitol, Pengemulsi (Lesitin Kedelai), Garam Pengembang Krimer Nabati, Telur Bubuk, Perisa Sintetis.","Susu, Tepung terigu"
16,Bear Brand milk - Nestlé - 189ml,product16.jpg,8992696404441(EAN / EAN-13),barcode16.jpg,7,9,6,9,0.095,159,Susu segar,Susu
17,Nutella - Ferrero - 680 g,product17.jpg,8000500220412(EAN / EAN-13),barcode17.jpg,4.6,8.6,0.9,8.4,0.006,113,"Gula, Lemak Nabati (Kelapa Sawit), Hazelnut 13%, Susu Bubuk Skim 8,7%, Bubuk Kakao Pengurang Lemak 7,4%, Lesitin (Kedelai), Penyedap Rasa (Vanillin)","Susu, Kacang-kacangan, Kedelai"
18,Kecap Manis - Bango - 275ml,product18.jpg,8999999002503(EAN / EAN-13),barcode18.jpg,0,15,0,13,0.4,112,"Gula, air, garam, kedelai hitam (3%)",Kedelai
19,Indomie Mi Goreng Satay Flavour - 80 g,product19.jpg,0089686140743(EAN / EAN-13),barcode19.jpg,7,27,4,4,0.27,203,"Mie (Tepung terigu 66%, minyak sawit olahan (mengandung TBHQ (E319)), garam, natrium tripolifosfat, kalium karbonat, natrium karbonat, guar gum, riboflavin); Bumbu Bubuk (Gula, garam, monosodium glutamat, dinatrium guanilat, dinatrium inosinat, perisa buatan, ekstrak ragi, bubuk bawang putih, bubuk bawang merah, silikon dioksida, perisa jeruk nipis, karamel, asam tartarat); Minyak Bumbu (minyak sawit olahan (mengandung TBHQ), kacang tanah, cabai, bawang merah, bawang putih, herba); Kecap Manis (Gula, air, garam, gandum, kacang kedelai, rempah-rempah, minyak wijen); Cabai Bubuk, Bawang Goreng","Gluten, Kacang Tanah, Biji Wijen, Kedelai"
20,CocaCola Zero - 330ml,product20.jpg,8992761111298(EAN / EAN-13),barcode20.jpg,0,0,0,0,0.03,0,"Air Berkarbonasi, Pewarna Karamel Alami (Kelas Iv), Pengatur Keasaman (Asam Fosfat, Trinatrium Sitrat), Pemanis Buatan (Sucralose, Acesulfam K), Pengawet (Natrium Benzoat), Konsentrat Cola, Kafein.",-
21,Lays - Rasa Rumput Laut (Nori Seaweed Flavour) - 68g,product21.jpg,"0089686596465(EAN / EAN-13)
",barcode21.jpg,7,10,1,0,0.07,107,"Kentang (62%), Minyak Palm Olein, Perisa Sintetis Rumput Laut (mengandung Penambah Perisa Sucrosay Monosodium Glutamat, Garam, Rumput Laut, Rempah-Rempah, Penambah Perisa Guanylate), Serpihan Rumput Laut (0.56%) Informasi Alergen: mengandung kedelai, gandum, ikan Disodium Inosinate dan BAHAN Disodium : Kentang (62%), Minyak Palm Olein, Sukrosa Rumput Laut Sintetis, Penambah Rasa (mengandung MonosodiumGlutamat, Garam, Rumput Laut, Rempah-Rempah, Penambah Rasa Dinatrium Inosinat dan Dinatrium Guanilat), Serpihan Rumput Laut (0,56%)","Kedelai, Gluten, Gandum, Ikan"
22,You C1000 Vitamin Lemon - 140 ml,product22.jpg,"8997009510017(EAN / EAN-13)
",barcode22.jpg,0,16,0,16,0.1,128,"Gula, Fruktosa, Jus Buah Kurang Dari 10% Yang Berasal Dari Jus Lemon Segar, Vitamin C (Asam Askorbat, Natrium Askorbat), Vitamin B1 (Dibenzoyl Thiamine HCL), Vitamin E (d-α-tocopherol dari kedelai), Niacin ( Niacinamide ), Perisa Lemon, Pengatur Keasaman, Pewarna Kuning Benibana (Safflower), Air hingga 140 ml",Kedelai
23,Floridina Orange - 350ml,product23.jpg,8998866500708(EAN / EAN-13),barcode23.jpg,0,21,0,19,0.025,160,"Air, gula pasir, sirup fruktosa, konsentrat jeruk (2%) mengandung sari buah 11%, pengatur keasaman, min C, perisa jeruk sintetik (mengandung antioksidan tokoferol), penstabil nabati, pewarna alami Beta-karoten (sintetis) CL No. 40800 G mengandung antioksidan tokoferol)",-
24,Quaker oat - 200g,product24.jpg,9556174802236(EAN / EAN-13),barcode24.jpg,3.5,24,5,0,0,147.5,gandum (100%),Gandum
25,Indomie Goreng - Rendang - 91g,product25.jpg,0089686910704(EAN / EAN-13),barcode25.jpg,16,59,9,9,2.65,452,"Tepung terigu, minyak sayur, cangkang tapioka, garam, zat penstabil (nabati dan fosfat), pengatur keasaman, mineral (besi), antioksidan HQ dan pewarna sintetik tartrazin CI 19140. glutamat, perisa daging sintetik (mengandung susu); Bumbu : Gula, garam, bawang putih bubuk penambah rasa monosodium, merica bubuk, pewarna alami karamel dan vitamin (A, B1, B6, B12, Niasin, Asam Folat dan Pantotenat). MINYAK CABAI BUBUK : Minyak sayur dan bumbu rendang (2%). ECAP MANIS: Gula, air, kedelai & gandum, lem, rempah-rempah, minyak nabati (mengandung WIR. Mengandung alergen, lihat daftar bahan yang dicetak tebal. Dapat mengandung kacang tanah, udang, buah ara dan telur.","Udang-udangan, Gluten, Susu"
26,Ultra Milk Low Fat - 250ml,product26.jpg,"8998009010637(EAN / EAN-13)
",barcode26.jpg,3,8,11,13,0.125,155,"Susu Sapi Segar, Susu Bubuk Skim, Sukrosa, Susu Bubuk Full Cream, Coklat Bubuk, Penstabil Nabati, Perisa Coklat Sintetis (Mengandung Pewarna Alami Karamel Kelas IV), Garam, Tanpa Pengawet, Tanpa Pemanis Buatan, Tanpa Pewarna Sintetis.",Susu
27,KitKat Chunky - Nestle - 38g,product27.jpg,9556001239754(EAN / EAN-13),barcode27.jpg,10.9,22.4,2.62,16.7,0.064,264.98,"Coklat Susu (Gula, Susu Padat (Susu Sapi), Mentega Kakao, Massa Kakao, Minyak Susu Nabati (Kelapa Sawit, Hipe, Shea)), Air [Tepung Terigu, Gula Icing, Stearin Isi Minyak Sawit, Bubuk Sirup Glukosa, Bubuk ko Garami, Mengandung Emulsifier (Mengandung Soya Lecithin) Dan Stabilizer Sebagai Food Conditioner Yang Berhak. Berisi Rasa yang Dibenarkan.","Gandum, susu, kedelai"
28,Ultra Milk Coklat - 200ml,product28.jpg,8998009010569(EAN / EAN-13),barcode28.jpg,4,24,6,19,0.045,232,"Susu Sapl Segar, Sukrosa, Susu Bubuk Sklm, Coklat Bubuk, Penstabil Nabati, Perisa Coklat Sintetis (Mengandung Pewarna Alami Karamel Kelas IV), Garam. Tanpa bahan pengawet, tanpa pemanis buatan, tanpa pewarna sintetis * Mengandung alergen, lihat daftar bahan yang dicetak tebal. Bahan: Gula Susu Segar, Susu Bubuk Skim, Bubuk Kakao, Penstabil Nabati, Perisa Coklat Sintetis (Mengandung Karamel Pewarna Alami Kelas IV), Garam. Tanpa Bahan Pengawet, Tanpa Pemanis Buatan, Tanpa Pewarna Sintetis.",Susu
29,INDOCAFE - Coffeemix 3 in 1 - 20 g,product29.jpg,9311931024036(EAN / EAN-13),barcode29.jpg,2,17,1,13,0.01,142,"Krimer Non-Diary, Kopi Instan, Mungkin Mengandung Susu",Susu
30,Yakult - 325ml 5pcs,product30.jpg,8992994110112(EAN / EAN-13),barcode30.jpg,0,11,1,10,0.01,88,"Bakteri Lactobacillus casei Shirota strain hidup, Susu bubuk skim, Sukrosa dan Glukosa, Perasa, Air",Susu
31,Nabati Wafer Coklat - Richoco - 52g,product31.jpg,8993175535885(EAN / EAN-13),barcode31.jpg,2,6,1,2,0.02,54,"Tepung Terigu, Gula, Minyak Nabati (Mengandung Antioksidan TBHQ), Bubuk Kakao 17,9%, Bubuk Whey, Pengemulsi Lesitin Kedelai, Ragi Natrium Bikarbonat, Vitamin (A, B2, B12, E)","Gluten, Susu "
32,Nabati Bites Cheese Cream Wafer - 287g,product32.jpg,"8993175535250(EAN / EAN-13)

",barcode32.jpg,2.5,11,1,5,0.065,90.5,"Tepung Terigu, Gula, Minyak Nabati (mengandung Antioksidan TBHQ), Whey Powder, Keju Bubuk-3% (mengandung Flavor Enhancer Monosodium Glutamate dan Disodium-5'ribonucleotides, Pewarna Sintetis (Ponceau 4R CI 16255 dan Sunset Yellow FCF CI 15985)), Tepung Jagung, Garam, Pengemulsi Lesitin Kedelai, Bahan Penggalang, Penguat Rasa Monosodium Glutamat, Vitamin (A, B1, B2, B6, B12), Warna Sintetis Sunset Yellow FCF CI 15985","Gluten, Susu "
33,ENERGEN SUSU - 32 g,product33.jpg,"8996001440124(EAN / EAN-13)
",barcode33.jpg,4,25,2,15,0.15,204,"Gula, Krimer Nabati, Tepung Terigu (9.63%), Susu Bubuk (9.5%), Jagung, Oat (1.88%), Baram Kalsium Abonat, Pengemulsi Nabati (Lecithin Kedelai), Vitamin Premix (A, B1, B2, B6, Folat Asam, B12, D, dan E), 05%), Natrium Askorbat (Vitamin C), Bubuk Telur (0,01%), Ekstrak Malt (0,01%).","Telur, Gluten, Susu, Kedelai"
34,Cadbury Dairy Milk Fruit & Nut - 62 g,product34.jpg,"7622210086693(EAN / EAN-13)
",barcode34.jpg,0,18,2,14,0.015,136,"Gula, Susu, Cocoa Malt, Kacang Almond, Lesitin Kedelai, PGPR, Perisa coklat.","Susu, Kacang, Kedelai"
35,Real Good Uht Coklat - 125ML,product35.jpg,8993351160757(EAN / EAN-13),barcode35.jpg,3.12,21.2,3.75,16.2,0.069,192.68,-,-
36,Taro Net Seawed - 62gr,product36.jpg,"8997032680275(EAN / EAN-13)
",barcode36.jpg,3,14,1,1,0.28,91,"Tepung Terigu, Minyak Nabati, Tepung Tapioka, Perisa Rumput Laut Sintetis (mengandung Flavor Enhancer Disodium Inosinate dan Guanylate, Monosodium Glutamate), Gula, Slat, Baking Powder",Tepung terigu
37,Fitbar Multigrain Fruits Delight - 24g,product37.jpg,8992802063012(EAN / EAN-13),barcode37.jpg,2.5,25,3,4,0.035,150.5,"Lapisan Campuran Coklat Putih (Gula, Susu Bubuk Lemak Nabati, Emulsiher (E322), Rice Crispy (19.7%), Oats (12%), Kismis (10.8%), Sirup Glukosa Tepung Terigu Utuh (5.6%), Kedelai Puff, Tinggi Sirup Fruktosa, Margarin, Sukrosa, Pemanis Alami Isomalt, Humektan Nabati Gliserin, Pemanis Alami Maltitol, Bubuk Quînoa (1%), Inulin, Bubuk Skim Mik, Rasa Raspbery Identik Alami, Pengemulsi Lesitin Kedelai, Garam, Antioksidan Tokoferol dan Ascorbyl Palmitat, Kalsium Karbonat, Natrium Askorbat, Vitamin A, Vitamin B12.","Gluten, Susu, Kedelai"
38,Chocolatos Drink- Garudafood - 27g,product38.jpg,8992775913000(EAN / EAN-13),barcode38.jpg,1,17,1,12,0.085,129,"Gula, Dekstrosa Monohidrat, Kakao Bubuk (20%), Whey Bubuk, Krimer Non Dairy, Susu Bubuk Full Cream, Ekstrak Malt, Pengental Nabati, Garam, Perisa Sintetis (Vanila, Cokelat Italia) Perisa Susu Alami.",Susu
39,Youghurt drink mix fruit - Cimory - 240 ml,product39.jpg,"8993200661350(EAN / EAN-13)

",barcode39.jpg,3,37,3,25,0,287,"Susu sapi segar, air, gula, penstabil nabati, kultur streptococcus thremophilus, dan Lactobacillus delbrueckii subsp bulgaricus",Susu
40,Greenfields Chocolate UHT Milk  - 105ml,product40.jpg,8993351122946(EAN / EAN-13),barcode40.jpg,2,12,3,10,0.03,118,"Susu segar-51%, air, gula, susu bubuk skim, bubuk kakao-0,7%, penstabil (sayuran, fosfat), pengemulsi nabati, perisa sintetik, garam, premix vitamin.",Susu
41,Tango Milky Chocolate - 110g,product41.jpg,8991102260732(EAN / EAN-13),barcode41.jpg,10.5,4.9,0.35,2.1,0,123.9,"Tepung Terigu Gula Minyak Nabati (Mengandung Antioksidan Tbhq) Lemak Roti Nabati (Mengandung Antioksidan Ascorbyl Palmitat & Tokoferol) Maltodekstrin Bubuk Kakao (3.1%) Kalsium Karbonat Susu Bubuk Full Cream (1.5%) Pengemulsi Kedelai Letsin Garam Susu Bubuk Skim (0.2%) Kakao Massa (0,15%) Ekstrak Malt Tepung Kentang Pengembang Rasa Sintetis (Mengandung Antioksidan Dl-Alpha Tokoferol) Tepung Telur Rasa Alami","Susu, Kedelai, Kacang-kacangan"
42,Granova Nuts & Chocolate Sea Salt - 26g,product42.jpg,8997217870187(EAN / EAN-13),barcode42.jpg,9,12,4,7,0.038,173,"Almond, kacang mete, madu, kenari, coklat, sirup beras, sereal beras, garam laut, lesitin kedelai.","Kacang, Kedelai"
43,Calbee Protein - カルビー,product43.jpg,4901330747756(EAN / EAN-13),barcode43.jpg,12.5,31.5,12.1,23.1,0,379.3,"kedelai hitam dan hijau, almond tumbuk, dan potongan coklat protein whey renyah, protein, vitamin, mineral dan serat pangan.","Kacang-kacangan, Kedelai"
44,Hilo Chocolate - 14g,product44.jpg,0749921030146(EAN / EAN-13),barcode44.jpg,1.5,11,1,8,0.02,93.5,"Gula pasir, krimer nabati, bubuk whey, coklat bubuk (21,43%), mineral kalsium karbonat, perisa sintetik, pemanis buatan, garam NaCl, premix vitamin","Susu, Gluten, Whey"
45,Oatside Oat Milk Barista Blend - 200ml,product45.jpg,8997240600393(EAN / EAN-13),barcode45.jpg,6,16,1,6,0.8,146,"Air, Bubuk Oat (10%), Minyak Canola, Penstabil Fosfat, Penstabil Kalsium Karbonat, Garam.","Gluten, Kedelai"
46,Chocolatos wafer,product46.jpg,8992775311981(EAN / EAN-13),barcode46.jpg,1.5,4,0,2,0,37.5,"Gula pasir, tepung terigu, minyak sayur, coklat bubuk, dekstrosa monohidrat, susu bubuk, whey bubuk, lemak roti, tepung tapioka, pengemulsi nabati, pewarna makanan karamel golongan IV, garam, perisa vanila buatan.",Whey
47,Sari Roti - Sobek Dup Cokelat Keju - 53g,product47.jpg,8992907996413(EAN / EAN-13),barcode47.jpg,6,26,4,10,0,214,"Tepung terigu (mengandung gluten), Air, Pasta coklat (8,4%) (mengandung susu, coklat bubuk (1,3%), antioksidan tokoferol), Gula, Pasta keju (6,7%) (mengandung susu, keju cheddar (2,8%), pengawet potasium sorbat, nisin), Telur, Emulsifier (mengandung susu, antioksidan asam askorbat), Margarin (mengandung antioksidan (ascorby palmitate, tokoferol), Pewarna alami (beta-karoten (sintetis) CI 40800), Ragi, Pengganti minyak mentega (mengandung antioksidan (ascorbyl palmitate, tokoferol, BHA), pewarna alami beta-karoten (sintetis) CI 40800), Pengawet kalsium propionat","Tepung terigu, gluten, pasta coklat, susu, pasta keju dan telur."
48,Kukis Kelapa coconut cookies - Denex biscuits - 300g,product48.jpg,8993083940023(EAN / EAN-13),barcode48.jpg,3.5,14,1,4,0.07,107.5,"Tepung Terigu (49.2%), Gula, Minyak Nabati (mengandung antioksidan TBHQ), Kelapa Kering (4.59%), Bahan Ragi (Amonium Hidrogen Karbonat, Natrium Hidrogen Karbonat), Susu Bubuk Skim, Garam, Perisa Sintetis (Kelapa, Vanila), mengandung alergen.","Tepung Terigu, Susu"
49,Pie Bis - Monde - 40g,product49.jpg,8888166343405(EAN / EAN-13),barcode49.jpg,6,21,2,7,0.125,174,"Tepung Terigu, Gula, Baker's Fat (mengandung Antioksidan BHA), Raising Agent (Amonium Bikarbonat, Natrium Bikarbonat), Garam, Pengemulsi Lesitin Kedelai, Perisa Almond Buatan.",Tepung terigu
50,Uleg Sambal Teri - Finna Food - 1 and 15g,product50.jpg,8991818801076(EAN / EAN-13),barcode50.jpg,1.5,3,1,0,0.15,29.5,"Cabai-38.90%, Gula, Minyak Nabati, Ikan Teri-13.10%, Air, Garam, Bawang Merah-2.30%, Bawang Putih-2.30%, Pengental Nabati, Balacan, Pengatur Keasaman, Penambah Rasa (Monosodium L-Glutamat, Dinatrium 5-Ribonukleotida) , Pengawet (Kalium Sorbat dan Natrium Benzoat)","Ikan, Balacan"
51,Diamond Fresh Milk - 1L,product51.jpg,8999898299035(EAN / EAN-13,barcode51.jpg,8,9,6,7,0.09,160,Susu Segar,Susu
52,Greenfields Chocolate UHT Milk - Greenfields Indonesia - 105ml,product52.jpg,8993351122946(EAN / EAN-13),barcode52.jpg,2,12,3,10,0.03,118,"Susu segar-51%, air, gula, susu bubuk skim, bubuk kakao-0,7%, penstabil (nabati, fosfat), pengemulsi nabati, perisa sintetik, garam, premix vitamin.",Susu
53,Treasures Milk - Delfi - 36 g,product53.jpg,8991001122377(EAN / EAN-13),barcode53.jpg,32.6,56.4,0,45.3,0.02,700.2,"Gula Kakao Padat 27% (Mentega Kakao, Massa Kakao), Susu Bubuk Krim Penuh (26%), Lemak Nabati (Minyak Sawit Non-hidrogenasi, Minyak Bunga Matahari; mengandung Antioksidan INS 3076: Konsentrat Tokoferol Campuran) Lemak Pabrik Anhidrat, Pengemulsi (INS 3220): Lesitin Kedelai), Rasa Alami, Mengandung alergen, lihat bahan-bahannya di boy. Diproduksi dengan peralatan bersama yang memproses Kacang Tanah, Kacang Pohon, Kedelai, dan Gandum. Untuk Brunei-Asal bahan tambahan: tumbuhan dan bahan kimia","Gluten, Susu, Kacang-kacangan, Kedelai"
54,Fanta,product54.jpg,6926347298259(EAN / EAN-13),barcode54.jpg,0,12,0,0,0,48,"Air Berkarbonasi, Gula, Pengatur Keasaman (Asam Sitrat), Perasa Buatan, Pemanis Buatan (Acesulfame-K, Sucralose), Pengawet (Sodium Benzoate), Pewarna Buatan (Carmoisine CI No. 14720 & Sunset Yellow FCF CI 15985), mengandung pemanis buatan , tidak dianjurkan untuk anak di bawah 5 tahun. Diproduksi di bawah otoritas The Coca-Cola Company. Bubuk Stroberi (0,005%).",-
55,Richese Nabati,product55.jpg,8993175537285(EAN / EAN-13),barcode55.jpg,2.5,11,1,5,65,90.5,"Tepung terigu, gula pasir, minyak sayur (mengandung antioksidan TBHQ), maltodekstrin, bubuk whey, bubuk keju (mengandung penguat rasa dan pewarna sintetis), pengemulsi lesitin kedelai, garam, pengembang, vitamin (A, B1, B2, B6, B12).","Bubuk whey, Bubuk Keju, Telur, Kedelai, Hazelnut, Kacang Tanah"
56,Anlene ACTIFIT 3X Cokelat - Fonterra - 240g,product56.jpg,9415007009801(EAN / EAN-13),barcode56.jpg,3,26,7,19,0.1,235,"Padatan susu (63%), Sukrosa, Maltodekstrin, Bubuk kakao (5%), Trikalsium fosfat, Kalsium karbonat, Mineral premix, Kolagen (ikan), Perisa sintetik, Vitamin premix, Pemanis buatan sukralosa.",Ikan 
57,Milku Strawberry 200ml,product57.jpg,8998866202732(EAN / EAN-13),barcode57.jpg,4,22,6,22,0.13,236,"Air, susu bubuk (8%), gula, susu bubuk skim, penstabil nabati dan fosfat, perisa sintetik, pengemulsi nabati dan pengatur keasaman.","Susu bubuk, Susu bubuk skim"
58,Sari Roti Sandwich Pandan Sarikaya - 45g,product58.jpg,8992907952594(EAN / EAN-13),barcode58.jpg,2.5,19,3,4,0.16,126.5,"Tepung terigu, air, selai sarikaya, gula pasir, olesan lemak, pengemulsi, garam, susu isi, pengawet kalsium propionat, perisa pandan, pewarna sintetis","Gluten, Telur, Pengemulsi, Susu"
59,Buavita Orange Juice 250ml,product59.jpg,8998009042195(EAN / EAN-13),barcode59.jpg,0,33,0,20,0.138,212,"Air, buah jeruk, sukrosa, penstabil sayur, pengatur keasaman asam sitrat, perisa jeruk, karoten pewarna alami, vitamin C, vitamin A",-
60,ABC KECAP MANIS - 75g,product60.jpg,0711844110182(EAN / EAN-13),barcode60.jpg,0,10,0,8,0.28,72,"Gula (76%), Air, Garam, Kedelai (2.1%), Gandum, Pengawet (Sodium Benzoate).","Gluten, Kedelai"
61,Super bubur ayam,product61.jpg,8996001524008(EAN / EAN-13),barcode61.jpg,5,32,3,2,0.84,193,"Beras, Kerupuk (mengandung Flavor Enhancer Monosodium L-glutamate, Raising Agent, Pewarna Sintetis Sunset Yellow FCF CI. No. 15985), Saus Cabai (mengandung Pengawet Natrium Benzoat, Kalium Sorbat, Pewarna Sintetis Ponceau 4R Cl. No. 16255 dan Pewarna Sintetis Sunset Yellow FCF CI. No. 15985), Tepung Tapioka, Kecap Asin (mengandung Pengawet Natrium Benzoat, Penambah Rasa Mononatrium L-glutamat, Dinatrium 5'-ribonukleotida), Maltodekstrin, Bawang Goreng, Protein Nabati Bertekstur, Garam, Penambah Rasa (Monosodium L-glutamat, Dinatrium 5'-ribonukleotida), Ekstrak Ragi, Perisa Ayam Sintetis , Minyak Nabati (mengandung Antioksidan TBHQ), Sayur Kering (Daun Daun Bawang), Bawang Putih Bubuk, Lada Bubuk, Vitamin (A, B1, B2, B6, B12)",Kedelai
62,ABC kopi susu - 31g,product62.jpg,"8991002101630(EAN / EAN-13)
",barcode62.jpg,2,26,1,20,0.01,206,"Gula, krimer non susu, kopi bubuk, susu bubuk","Susu, Susu bubuk"
63,Soda water drink - Fanta - 250 ml,product63.jpg,8992761145118(EAN / EAN-13),barcode63.jpg,0,0,0,0,0.06,0,"Air berkarbonasi, pengatur keasaman (natrium bikarbonat, natrium sitrat, kalsium laktat), natrium klorida",-
64,Good Day Mocacinno,product64.jpg,"8991002103238(EAN / EAN-13)
",barcode64.jpg,2,16,1,13,0.01,138,"Gula, Krimer non susu, Kopi instan, Bubuk kakao, Perisa sintetis mocacinno, Pemanis alami steviol glikosida",Krimer non susu
65,Pop Mie Soto Ayam - 75g,product65.jpg,0089686060362(EAN / EAN-13),barcode65.jpg,16,45,8,6,0.96,380,"Tepung Terigu, minyak sayur, tepung tapioka, garam, pengemulsi (nabati dan fosfat, mengandung kedelai), penstabil (nabati dan fosfat), pengatur keasaman, antioksidan TBHQ dan pewarna sintetik tartazine CI 19140. MAKANAN: Garam, gula, TVP, sayuran kering, penguat rasa (mononatrium glutamat, dinatrium inosinat dan guanilat), perisa sintetik ayam (mengandung telur dan susu), bawang putih bubuk, bubuk bawang merah, bubuk merica dan bubuk seledri. MINYAK BUMBU CABAI : Minyak sayur dan bumbu sop. KOYA POWDER (mengandung krustasea dan pewarna alami karamel I).","Telur, Ikan, Susu, Kacang-kacangan, Kedelai"
66,Oatbits - Vitafruit,product66.jpg,8991002312135(EAN / EAN-13),barcode66.jpg,11,11,1,3,0,159,"Tepung terigu, oat (14,7%), gula, minyak sayur, wortel (3,3%), tomat (2,6%), konsentrat jeruk (2,5%), glukosa, bubuk whey, bahan ragi (natrium bikarbonat, amonium bikarbonat), kalsium karbonat , garam, pengemulsi lesitin kedelai, perasa sintetis (jeruk, tomat).","Susu, Kedelai"
67,Nü Green Tea Honey,product67.jpg,"8992388101092(EAN / EAN-13)
",barcode67.jpg,0,19,0,18,0.1,148,"Air, gula pasir, daun teh hijau, madu, antioksidan (vitamin C), rasa identik alami madu",-
68,Top chocolate,product68.jpg,8991001242273(EAN / EAN-13),barcode68.jpg,9,7.2,0.3,6,0,135,"Glukosa, gula pasir, susu bubuk, tepung terigu, lemak nabati (mengandung BHA dekstrosa), mentega kakao, massa kakao, sereal, maltodekstrin, lemak susu, dekstrosa, pengemulsi (lesitin kedelai), garam, pengembang, perasa buatan.","Susu, Kedelai, Kacang-kacangan"
69,Qtela Singkong,product69.jpg,0089686611601(EAN / EAN-13),barcode69.jpg,1.2,2.6,0,0.2,0.01,22,"Singkong, minyak sawit mengandung antioksidan TBHQ), bumbu campuran (mengandung penambah rasa mononatrium glutamat, natrium inosinat, natrium guanilat, antioksidan asam askorbat).",-
70,Biokul Yogurt plain,product70.jpg,"8999898962694(EAN / EAN-13)
",barcode70.jpg,1,10,5,6,0,93,"Air, Susu Sapi, Susu Bubuk Skim, Konsentrat Susu, Gula, Pati Modifikasi, Penstabil (Gelatin Sapi, Nabati), Kultur Yogurt (S. Thermophilus, L Bulgaricus, L acidophilus, Bifidobacterium)","Susu, Susu Bubuk Skim, Konsentrat Susu"
71,Plantain Chips (Yellow Banana Chips),product71.jpg,"8904071704527(EAN / EAN-13)
",barcode71.jpg,8,18,1,0,0.069,148,"Pisang raja, Pisang, Minyak Nabati, Garam Batu",-
72,Kaccha MANGO Bite (Bigger),product72.jpg,"8901719119279(EAN / EAN-13)
",barcode72.jpg,0,97,0,73,0,680,"Gula, Sirup Glukosa, Asam Laktat, Asam Malat DL, Asam Sitrat, Natrium Sitrat, Rasa Mangga Mentah Identik Alam, FD&C Kuning 5, FD&C Biru 1.",-
73,Golda Dolce latte coffee 200 ,product73.jpg,5306150,barcode73.jpg,2.5,22,2,15,0.105,178.5,"Air, Gula, Krimer Nabati (mengandung susu). Susu Bubuk Skim, Ekstrak Kopi (2 3%). Kopi Bubuk Instan (0 63%). Penstabil Nabati, Perisa Sintetis (mengandung antioksidan tokoferol), Pengemulsi Nabati. Pengatur Keasaman, Garam, Ekstrak Malt (mengandung pewarna alami karamel kelas III), Penstabil Fosfat",Susu
74,Konyaku Grain,product74.jpg,"8997235700091(EAN / EAN-13)
",barcode74.jpg,0,18,1,0,0.012,76,"Tepung kanji, tepung iles-iles 12%, air, kalsium karbonat",-
75,Selected Roasted Almond,product75.jpg,"8994096223905(EAN / EAN-13)
",barcode75.jpg,15,3,8,0,0,179,"Almond, Kedelai dan/atau minyak kacang tanah, Garam laut.","Kacang, Kedelai"
76,Pop Mie Kuah Pedes Dower rasa Ayam Pedas,product76.jpg,0089686067002(EAN / EAN-13),barcode76.jpg,16,46,6,4,1.32,368,"Tepung terigu, minyak sayur, tepung tapioka, garam, pengemulsi (nabati), penstabil (nabati dan fosfat), pengatur keasaman, antioksidan TBHQ dan pewarna sintetik tartrazine CI 1940 MAKANAN: garam, gula, penambah rasa",-
77,Myroti gandum - Yamazaki,product77.jpg,"8994046010104(EAN / EAN-13)

",barcode77.jpg,1.5,38,7,4,0,209.5,"Tepung Terigu, Tepung Terigu Utuh, Gula, Margarin, Ragi, Garam, Pengemulsi Nabati, Bubuk Whey, Pengawet Kalsium Propionat, Ekstrak Malt, Penstabil Nabati","Tepung Terigu, Tepung Terigu Utuh, Bubuk Whey, Ekstrak Malt"
78,Oishi Pillows Cokelat - 100 g,product78.jpg,8997004301108(EAN / EAN-13),barcode78.jpg,2,8,1,4,0.062,70,"Gula pasir, tepung terigu, beras, minyak sayur (mengandung antioksidan TBHQ), susu bubuk, coklat bubuk, whey bubuk, garam, pengemulsi (lesitin kedelai), perisa coklat dan vanila.","Gandum, Susu, Kedelai, Kacang-kacangan, Oat"
79,Kinder joy,product79.jpg,8992952954093(EAN / EAN-13),barcode79.jpg,8,11,1,8,0.03,152,"Gula, Minyak Nabati (Kelapa Sawit, Sheanut dan Bunga Matahari), Susu Bubuk Skim, Tepung Terigu, Kakao, Tepung Terigu, Massa Kakao, Ekstrak Malt, Lesitin sebagai Pengemulsi, Protein Whey, Mentega Kakao, Perasa Buatan, Amonium Bikarbonat dan Natrium Bikarbonat sebagai Ragi Agen, Salt.","Susu, Gandum, Barley, Kedelai"
80,ORIGINAL PHILADELPHIA PORTIONS - Mondelez,product80.jpg,93567022,barcode80.jpg,8.2,1.1,1.8,1.1,0.308,89.8,"Susu, krim (dari susu), padatan susu, garam, getah nabati (410 dan/atau 412), pengawet (200), kultur starter, bahan bantu pengolahan (mengandung susu).",Susu
81,Hydro coco vita D 330 ml,product81.jpg,"8997009781585(EAN / EAN-13)
",barcode81.jpg,0,6.061,0,2.727,0.114,35.152,Air Kelapa,-
82,Chitato Lite Rumput Laut - - 68 g,product82.jpg,0089686732030(EAN / EAN-13),barcode82.jpg,6,11,1,1,0.085,106,"Kentang (65%), Minyak Palm Olein, Bumbu (mengandung Gula, Garam, Penambah Rasa Mononatrium Glutamat, Bubuk Rumput Laut (8%), Lada Bubuk, Kecap Bubuk, Bawang Putih Bubuk, Penambah Rasa Natrium Inosinat dan Natrium Guanilat, Pemanis Alami Steviol Glikosida, Gandum, Ikan, Kerang).","Kedelai, Gandum, Ikan, Kerang"
83,Indomilk UHT Coklat - 1L,product83.jpg,8993007000086(EAN / EAN-13),barcode83.jpg,5,27,6,25,0.09,277,"Susu Rekombinasi (air, susu bubuk skim-4,2%, lemak susu), susu segar-30%, gula, bubuk kakao-0,8%, penstabil asal tumbuhan, perisa sintetik.",Susu
84,Coffee Oat Milk - Oatside,product84.jpg,"8997240600355(EAN / EAN-13)
",barcode84.jpg,7,21.4,1.4,9.8,0.235,193.4,"Bahan Dasar Oat (Air, Oat (10%)), Minyak Canola, Gula Aren, Gula, Ekstrak Kopi, Dipotassium Phosphate, Kalsium Karbonat, Perisa Alami, Garam Laut. Kafein≥ 30mg/100mL.",Gluten
85,Sedap Sedaap cup ayam jerit - wings food - 75g,product85.jpg,8998866202930(EAN / EAN-13),barcode85.jpg,18,44,6,2,0.95,370,"Tepung terigu, minyak sayur (mengandung antioksidan TBHQ), pengemulsi pati asetat (mengandung sulfit), sayuran kering, garam, penguat rasa (mononatrium glutamat), gula pasir, bawang merah, bubuk penyedap rasa kayu manis, bubuk bawang putih, hidrolisat protein nabati (mengandung kedelai), ekstrak ragi, m (mengandung susu), cabai rawit (0,28%), merica bubuk, bawang putih, kucai kering, bawang merah, pena sayur, penstabil fosfat, penambah rasa (Dinatrium 5'-Inosinat dan Dinatrium 5'- Guanilat); pengatur keasaman pa alami, bahan anti-caking silikon dioksida, pengemulsi lesitin kedelai, Vitamin B3, Tartrazin C No. pewarna sinetik. 19","Telur, Susu"
86,Sedaap tasty beef yakiniku - Wingsfood - 115g,product86.jpg,"8998866203043(EAN / EAN-13)
",barcode86.jpg,23,66,13,5,1.12,543,"MI : Tepung terigu, minyak sayur, garam, pengental nabati, pengatur keasaman, pewarna (tartrazine Cl 19140) dan besi. DAGING: Daging ayam, jamur, air, minyak sayur, bawang putih, gula pasir, garam, merica bubuk, penambah rasa, minyak, kecap, sambal.","Gluten, Kedelai"
87,Milku Chocolate 200ML,product87.jpg,"8998866202725(EAN / EAN-13)
",barcode87.jpg,4.5,22,6,22,0.105,240.5,"Air, susu bubuk (8%), gula, susu bubuk skim, coklat bubuk (0,8%), penstabil nabati dan fosfat, perisa sintetik, pengemulsi nabati dan pengatur keasaman.",Susu
88,Ultra mimi kids cokelat,product88.jpg,"8998009010910(EAN / EAN-13)
",barcode88.jpg,3,15,4,15,0.06,163,"Susu Sapi Segar, Sukrosa, Coklat Bubuk, Penstabil Nabati, Perisa Coklat Sintetis (mengandung Pewarna Alami Karamel Kelas IV), Tanpa Pengawet.","Susu, Laktosa"
89,Oatside Full Cream,product89.jpg,8997240600256(EAN / EAN-13),barcode89.jpg,6,16,1,6,0.238,146,"Bahan Dasar Oat [Air, Oat (10%)], Minyak Canola, Pengatur Keasaman (Dipotassium Phosphate), Kalsium Karbonat, Garam Laut.",Gluten
90,SGM Eksplor 3+ coklat - 400g,product90.jpg,8999099920769(EAN / EAN-13),barcode90.jpg,5,27,5,17,0.09,241,"Maltodekstrin, Sukrosa, Campuran Minyak Nabati (mengandung antioksidan dl-a-tocoferol dan askorbil palmitat), Kakao Bubuk-4.5%, Serat Pangan-3%, 6 Mineral, Perisa Sintetik Cokelat, Pengemulsi Lesitin Kedelai, Premiks Vitamin, Perisa Sintetik Vanila, DHA Berasal dari Minyak Ikan-0.02% (mengandung antioksidan tokoferol, askorbil palmitat, asam sitrat, dan natrium askorbat)",Susu Bubuk
91,DK Sukro Oven rasa bawang - Dua Kelinci - 100g,product91.jpg,8995077602696(EAN / EAN-13),barcode91.jpg,7,12,5,3,0.2,143,"Kacang tanah, tepung terigu, tepung maizena, gula pasir, bumbu bawang putih.","Kacang Tanah, Gandum"
92,Silverqueen Chunky bar - 95g,product92.jpg,"8991001111722(EAN / EAN-13)
",barcode92.jpg,7,10,2,8,0,143,"Gula, susu bubuk, kacang mete, massa kakao, mentega kakao, lemak nabati, pengemulsi lesitin kedelai PGPR, garam, perisa vanila, antioksidan BHT.","Susu, Kedelai"
93,Teh gelas cup 160 ml,product93.jpg,"8991102222006(EAN / EAN-13)
",barcode93.jpg,0,11,0,9,0.01,80,"Air Gula, Daun Teh Melati, Pengawet (Kalsium Sorbat, Natrium Benzoat), Perasa (Sintetis, Alami), Garam, Pengatur Keasaman. D Tanpa Pemanis Buatan, Tanpa Pewarna Sintetis",-
94,Diamond Susu UHT Full Cream - 200ml,product94.jpg,"8999898962540(EAN / EAN-13)
",barcode94.jpg,6,10,6,6,0.1,142,"Susu Segar-99,9%, Vitamin Premix",Susu
95,Greenfield uht extra vanila,product95.jpg,"8993351122427(EAN / EAN-13)
",barcode95.jpg,4,18,5,18,0.138,200,"Susu Segar (51%), Air, Gula, Bubuk Penstabil Susu Skim (Nabati, Fosfat), Pengemulsi Nabati, Ekstrak Chamomile (0.1%), Perisa Sintetis, Garam, Premix Vitamin",-
96,Nutriboost rasa jeruk - 300ml,product96.jpg,8992761164539(EAN / EAN-13),barcode96.jpg,2,26,1,22,0.125,214,"Air, Gula, Susu (mengandung susu setara dengan 10% susu segar), Konsentrat Sari Apel (mengandung 12% sari apel), Penstabil Nabati (Karboksi Metil Selulosa), Pengatur Keasaman (Asam Sitrat, Asam Laktat, Trinatrium Sitrat), Vitamin dan Mineral Premix, Konsentrat Sari Jeruk (mengandung 1% sari jeruk), Pemanis Alami Rasa Steviol Glikosida (Stevia).",Susu
97,L-men gain mass choco 225g,product97.jpg,0749921050120(EAN / EAN-13),barcode97.jpg,4,45,22,20,0.2,384,"Susu bubuk, protein whey, gula, maltodekstrin, premix vitamin & mineral. L-lisin, bubuk kakao.","Susu, protein whey"
98,Super bubur soto - 46 g,product98.jpg,"8996001524060(EAN / EAN-13)
",barcode98.jpg,4,35,4,1,0.7,196,"Beras, kerupuk, tapioka, bawang goreng, penambah rasa, garam, gula, bumbu kuah, sayur kering, protein nabati bertekstur, minyak sayur (mengandung antioksidan TBHQ), protein nabati terhidrolisis, maltodekstrem, bawang putih bubuk, merica bubuk, perisa ayam sintetik, bahan anticaking silikon dioksida, bubuk kunyit, bubuk seledri, pengatur keasaman.","Seledri, Kedelai"
99,Espresso Kopi Susu - Kapal Api - 135 g,product99.jpg,"8991002306813(EAN / EAN-13)
",barcode99.jpg,0,2,0,1,0,12,"Glukosa, Gula, Lemak Nabati, Kopi Instan (2.31%), Krim Susu (0.97%), Rasa Kopi Identik Alami, Garam, Pengemulsi Lesitin Kedelai",Susu
100,Peanut Pie - L'AGIE - 30g,product100.jpg,"8992957251579(EAN / EAN-13)
",barcode100.jpg,9,15,4,10,0.03,197,"kacang tanah, glukosa, gula pasir, pengganti mentega kakao, coklat bubuk, whey bubuk, susu kental manis","Kacang tanah, Susu"
101,Cimory UHT Chocolate Milk - 125ml,product101.jpg,993200666263(EAN / EAN-13),barcode101.jpg,3.5,15,3.5,10,0.07,145.5,"air, susu segar-20%, gula pasir, susu bubuk full krim, susu padat, kekuatan susu skim, coklat bubuk-1%, penstabil nabati, natrium sitrat, premix vitamin, perisa buatan coklat (mengandung karamel warna alami 1)",Susu
102,Instant Coffee - Top Cafe Palm Sugar,product102.jpg,"8998866623032(EAN / EAN-13)
",barcode102.jpg,0.55,3.96,0.22,3.08,0,33.99,"Gula, Krimer Nabati, Kopi Bubuk Instan (9.6%), Susu Skim Bubuk, Perisa Sintetis, Garam, Pemanis Buatan (Asesulfame-K, Sucralose)",Susu
103,Ahh siip - Nabati,product103.jpg,"8993175554879(EAN / EAN-13)
",barcode103.jpg,4,11,0,4,0,96,"Jagung, Minyak sayur, Gula, Keju bubuk, Pewarna kurkumin, Bubuk whey, Garam, Vitamin A, B1, B2, B12,","Keju, whey"